﻿ec5_uuid,created_at,uploaded_at,title,1_Nombre_del_equipo,lat_2_Ubicacin,long_2_Ubicacin,accuracy_2_Ubicacin,UTM_Northing_2_Ubicacin,UTM_Easting_2_Ubicacin,UTM_Zone_2_Ubicacin,3_Altitud_m,4_Foto_general_de_la,5_Fecha,6_Hora,7_Tipo_de_ecosistema,8_Tipo_de_vegetacin,9_Nivel_de_perturbac,10_Pendiente_grados,11_Distancia_al_agua,12_Suelo__pedregosid,13_Suelo__textura_al,14_Suelo__pH,15_Suelo__pH_numrico,16_Suelo__profundida,17_Cobertura_estrato,18_Cobertura_estrato,19_Cobertura_estrato,20_Cobertura_suelo_d,21_Presencia_lianas,22_Interacciones_des,23_Observaciones_Tip,24_Individuos_adulto
b207edfa-fdfd-4f1d-a0aa-c12573cf040a,2025-11-07T15:08:07.000Z,2025-11-07T15:08:16.000Z,b207edfa-fdfd-4f1d-a0aa-c12573cf040a,"Las maripepas",37.089586,-3.383177,3,4104879,465946,30S,2500,https://five.epicollect.net/api/media/muestreo-cobertura-especies?type=photo&format=entry_original&name=b207edfa-fdfd-4f1d-a0aa-c12573cf040a_1762525581.jpg,07/11/2025,15:26:29,"Pastizal de alta montaña",Zonal,"BAJA (no se observa basura ni alteración evidente)",﹥40,﹥50,ALTA,Seco,"Ácido ",5,4,0%,1-25%,1-25%,76-100%,No,,,1
f9f7b0fb-48e2-4295-b8a0-c059d3ea9c02,2025-11-07T14:25:58.000Z,2025-11-07T14:26:27.000Z,f9f7b0fb-48e2-4295-b8a0-c059d3ea9c02,"Equipo pinrep",37.090328,-3.382044,7,4104961,466047,30S,2621,https://five.epicollect.net/api/media/muestreo-cobertura-especies?type=photo&format=entry_original&name=f9f7b0fb-48e2-4295-b8a0-c059d3ea9c02_1762525233.jpg,07/11/2025,15:20:45,"Pastizal de alta montaña",Zonal,"BAJA (no se observa basura ni alteración evidente)",﹥40,﹥50,ALTA,"Franco arcillo","Ácido ",6,10,0%,51-75%,1-25%,1-25%,No,"Plantas de baja altura por el viento y la temperatura","Juniperus oxicedum",0
f7c14c99-37df-41c1-8ef6-983e3b465ff6,2025-11-07T14:05:54.000Z,2025-11-07T14:06:14.000Z,f7c14c99-37df-41c1-8ef6-983e3b465ff6,Montañosos,37.090344,-3.38209,4,4104962,466043,30S,2500,https://five.epicollect.net/api/media/muestreo-cobertura-especies?type=photo&format=entry_original&name=f7c14c99-37df-41c1-8ef6-983e3b465ff6_1762523837.jpg,07/11/2025,14:57:22,"Pastizal de alta montaña",Azonal,"BAJA (no se observa basura ni alteración evidente)",﹥40,﹥50,ALTA,pedregosa,"Básico (e.g. calcareo)",7,5,0%,0%,26-50%,1-25%,No,"Cabras comen hierba","La vegetación no tiene tallos por su adaptación a los vientos rápidos",1
a5563a60-a9ad-4f11-8d4e-fd026de0f6d6,2025-11-07T13:57:53.000Z,2025-11-07T13:58:02.000Z,a5563a60-a9ad-4f11-8d4e-fd026de0f6d6,"el buho de vidal",37.090339,-3.382414,1,4104962,466014,30S,2600,https://five.epicollect.net/api/media/muestreo-cobertura-especies?type=photo&format=entry_original&name=a5563a60-a9ad-4f11-8d4e-fd026de0f6d6_1762523574.jpg,07/11/2025,14:52:57,"Pastizal de alta montaña",Zonal,"BAJA (no se observa basura ni alteración evidente)",10-20,﹥50,ALTA,arenosa,"Ácido ",,,0%,1-25%,76-100%,51-75%,No,"Las cabras abonando el suelo con sus heces.","En la materia madre hay un grado moderado de metamorfismo.",1
fb2beddd-d908-4d99-bc29-fa5f40e984b7,2025-11-07T13:56:52.000Z,2025-11-07T13:56:58.000Z,fb2beddd-d908-4d99-bc29-fa5f40e984b7,"Lucia Giménez",37.090456,-3.382056,4,4104975,466046,30S,2610,https://five.epicollect.net/api/media/muestreo-cobertura-especies?type=photo&format=entry_original&name=fb2beddd-d908-4d99-bc29-fa5f40e984b7_1762523530.jpg,07/11/2025,14:52:13,"Pastizal de alta montaña",Zonal,"ALTA (mucha presencia de basura, movimientos de tierra..)",﹥40,﹥50,ALTA,Pedregoso,"Ácido ",8,1,0%,26-50%,26-50%,0%,No,,"Protección del estrato arbustivo por las piedras",1
b9f748c3-e2be-4fc1-b9bf-bb7a55aa10f9,2025-11-07T12:50:36.000Z,2025-11-07T12:50:43.000Z,b9f748c3-e2be-4fc1-b9bf-bb7a55aa10f9,Montañosos,37.104408,-3.409446,23,4106533,463618,30S,2000,https://five.epicollect.net/api/media/muestreo-cobertura-especies?type=photo&format=entry_original&name=b9f748c3-e2be-4fc1-b9bf-bb7a55aa10f9_1762519174.jpg,07/11/2025,13:39:50,"Pinar de repoblación",Zonal,"BAJA (no se observa basura ni alteración evidente)",﹥40,﹥50,BAJA,Esponjoso,"Ácido ",5,20,76-100%,0%,0%,1-25%,No,"competencia entre los arboles por la luz","dominancia de los pinos y pocavariedad de especies",1
9002cad9-6c40-4d74-85e5-573f370cccf9,2025-11-07T12:48:54.000Z,2025-11-07T12:49:28.000Z,9002cad9-6c40-4d74-85e5-573f370cccf9,"Las maripepas",37.104264,-3.409536,5,4106517,463610,30S,2187,https://five.epicollect.net/api/media/muestreo-cobertura-especies?type=photo&format=entry_original&name=9002cad9-6c40-4d74-85e5-573f370cccf9_1762519434.jpg,07/11/2025,13:44:06,"Pinar de repoblación",Azonal,"BAJA (no se observa basura ni alteración evidente)",20-40,﹥50,BAJA,"Blanda, húmeda","Básico (e.g. calcareo)",9,5,76-100%,0%,0%,0%,No,,,1
b0388500-b023-443a-a938-56121fb20b5b,2025-11-07T12:47:52.000Z,2025-11-07T12:47:57.000Z,b0388500-b023-443a-a938-56121fb20b5b,"Lucia Giménez",37.104873,-3.409644,4,4106584,463601,30S,2000,https://five.epicollect.net/api/media/muestreo-cobertura-especies?type=photo&format=entry_original&name=b0388500-b023-443a-a938-56121fb20b5b_1762519142.jpg,07/11/2025,13:39:10,"Pinar de repoblación",Azonal,"ALTA (mucha presencia de basura, movimientos de tierra..)",﹥40,﹥50,BAJA,,"Ácido ",5,30,76-100%,0%,0%,0%,No,"Competencia entre pinos 
Leve presencia de líquenes","La presencia de pinos impide la presencia de otra especie",1
c68f3c6a-e477-4869-bdde-3350977fe1dd,2025-11-07T12:47:08.000Z,2025-11-07T12:47:15.000Z,c68f3c6a-e477-4869-bdde-3350977fe1dd,"El Mesías y sus apóstoles",37.10446,-3.409713,2,4106539,463595,30S,8,https://five.epicollect.net/api/media/muestreo-cobertura-especies?type=photo&format=entry_original&name=c68f3c6a-e477-4869-bdde-3350977fe1dd_1762519257.jpg,07/11/2025,13:41:11,"Pinar de repoblación",Azonal,"ALTA (mucha presencia de basura, movimientos de tierra..)",10-20,1-10,BAJA,"Compost y materia orgánica acumulada","Ácido ",7,60,76-100%,0%,0%,0%,No,"Abundanciade materia orgánica","Solo pinos",1
6b57b44c-bb11-433a-bf1e-c43b23820088,2025-11-07T12:46:15.000Z,2025-11-10T10:00:40.000Z,6b57b44c-bb11-433a-bf1e-c43b23820088,"Equipo pinrep",37.104341,-3.409512,6,4106525,463612,30S,2180,https://five.epicollect.net/api/media/muestreo-cobertura-especies?type=photo&format=entry_original&name=6b57b44c-bb11-433a-bf1e-c43b23820088_1762519026.jpg,07/11/2025,13:37:30,"Pinar de repoblación",Zonal,"MEDIA (presencia esporádica de basura, alteración por animales)",20-40,﹥50,MEDIA,Franco-arenoso,"Ácido ",6,40,76-100%,0%,0%,76-100%,No,"Competencia entre pinos","Pinos sylvestris
Clima de alta montaña",1
f2101c36-348b-4112-ba55-af345522797b,2025-11-07T12:42:39.000Z,2025-11-07T12:42:49.000Z,f2101c36-348b-4112-ba55-af345522797b,"Encinas asesinas",37.201218,-3.437843,17385,4117284,461145,30S,2180,https://five.epicollect.net/api/media/muestreo-cobertura-especies?type=photo&format=entry_original&name=f2101c36-348b-4112-ba55-af345522797b_1762519142.jpg,07/11/2025,13:39:14,"Pinar de repoblación",Zonal,"MEDIA (presencia esporádica de basura, alteración por animales)",20-40,﹥50,BAJA,Arenosa,"Ácido ",6,60,76-100%,0%,1-25%,0%,No,,"Pinus sylvestris domina el estrato arboreo, ausencia del estrato arbustivo y casi nula presencia del estrato herbáceo",1
dc3e37fe-db89-486c-b57f-7b99ee101206,2025-11-07T12:42:37.000Z,2025-11-07T12:42:46.000Z,dc3e37fe-db89-486c-b57f-7b99ee101206,"el buho vidal",37.1043,-3.40939,4,4106521,463623,30S,2100,https://five.epicollect.net/api/media/muestreo-cobertura-especies?type=photo&format=entry_original&name=dc3e37fe-db89-486c-b57f-7b99ee101206_1762519081.jpg,07/11/2025,13:38:27,"Pinar de repoblación",Azonal,"BAJA (no se observa basura ni alteración evidente)",10-20,﹥50,MEDIA,arenoso,"Ácido ",,,76-100%,0%,1-25%,1-25%,No,"Competencia entre los pinos.","Especie dominante: Pinus Syilvestris",1
56e5426f-a1e5-4243-a6ec-b2bb9870456c,2025-11-07T09:24:27.000Z,2025-11-07T09:24:48.000Z,56e5426f-a1e5-4243-a6ec-b2bb9870456c,"Las maripepas",37.138669,-3.433516,3,4110343,461497,30S,1800,https://five.epicollect.net/api/media/muestreo-cobertura-especies?type=photo&format=entry_original&name=56e5426f-a1e5-4243-a6ec-b2bb9870456c_1762507118.jpg,07/11/2025,10:18:47,Encinar,Azonal,"BAJA (no se observa basura ni alteración evidente)",20-40,﹥50,ALTA,Humedo,"Ácido ",8,4,51-75%,1-25%,26-50%,1-25%,No,,"Juncos y retamas
Presencia de cabeas a través de heces",1
17061842-d6dd-439b-a4d9-803fc7fffd39,2025-11-07T09:20:16.000Z,2025-11-07T09:20:29.000Z,17061842-d6dd-439b-a4d9-803fc7fffd39,"Equipo pinrep",37.138485,-3.433794,4,4110323,461472,30S,1567,https://five.epicollect.net/api/media/muestreo-cobertura-especies?type=photo&format=entry_original&name=17061842-d6dd-439b-a4d9-803fc7fffd39_1762506668.jpg,07/11/2025,10:11:35,Encinar,Zonal,"MEDIA (presencia esporádica de basura, alteración por animales)",﹥40,﹥50,ALTA,Franco-arenoso,"Básico (e.g. calcareo)",8,40,26-50%,26-50%,1-25%,51-75%,No,"- musgo en las piedras 
- depredación","- encinar 
- queréis ilex
Genista salzmanii 
Erinacea anthyllis",1
2e2b96c6-257b-40ce-8381-06423580433b,2025-11-07T09:19:00.000Z,2025-11-07T09:19:13.000Z,2e2b96c6-257b-40ce-8381-06423580433b,"Encinas asesinas",37.138673,-3.433846,6,4110344,461468,30S,1547,https://five.epicollect.net/api/media/muestreo-cobertura-especies?type=photo&format=entry_original&name=2e2b96c6-257b-40ce-8381-06423580433b_1762506673.jpg,07/11/2025,10:11:17,Encinar,Zonal,"MEDIA (presencia esporádica de basura, alteración por animales)",10-20,﹥50,ALTA,Franco-arcillosa,"Ácido ",7,50,51-75%,1-25%,51-75%,1-25%,No,,"La encina domina el estrato arbóreo, el arbustivo hay retama, majuelo, el herbáceo hay muchas especies que recubren la mayor parte del suelo",1
e26ca45c-c5de-40c7-ace3-b2ef40147d3b,2025-11-07T09:18:47.000Z,2025-11-07T09:18:57.000Z,e26ca45c-c5de-40c7-ace3-b2ef40147d3b,"el buho vidal",37.138545,-3.434043,7,4110329,461450,30S,1520,https://five.epicollect.net/api/media/muestreo-cobertura-especies?type=photo&format=entry_original&name=e26ca45c-c5de-40c7-ace3-b2ef40147d3b_1762506647.jpg,07/11/2025,10:10:51,Encinar,Zonal,"BAJA (no se observa basura ni alteración evidente)",10-20,1-10,BAJA,arcillosa,"Básico (e.g. calcareo)",,,76-100%,51-75%,1-25%,26-50%,No,"Se observa un sistema de micorizas.","Hay heces de cabra.",1
6348c0db-f70c-4ffb-be34-76349ed85f4f,2025-11-07T09:17:33.000Z,2025-11-07T09:22:31.000Z,6348c0db-f70c-4ffb-be34-76349ed85f4f,"Lucia Giménez",37.138139,-3.434044,3,4110284,461450,30S,1530,https://five.epicollect.net/api/media/muestreo-cobertura-especies?type=photo&format=entry_original&name=6348c0db-f70c-4ffb-be34-76349ed85f4f_1762506650.jpg,07/11/2025,10:10:56,Encinar,Zonal,"MEDIA (presencia esporádica de basura, alteración por animales)",﹥40,﹥50,ALTA,Franco-arcillosa,"Básico (e.g. calcareo)",8,35,26-50%,26-50%,51-75%,1-25%,No,"Liquen-árbol
Arbusto-Cabra montesa
Árbol-Fauna","perdida de suelo
Actuaciones de poda y limpieza realizados
Vegetación típica de umbría
Vegetación de poca edad",7
d1d65a7e-9a69-487c-a755-4418a01a32f2,2025-11-07T09:17:36.000Z,2025-11-07T09:17:42.000Z,d1d65a7e-9a69-487c-a755-4418a01a32f2,"El Mesías y sus apóstoles",37.138375,-3.434102,2,4110311,461445,30S,1,https://five.epicollect.net/api/media/muestreo-cobertura-especies?type=photo&format=entry_original&name=d1d65a7e-9a69-487c-a755-4418a01a32f2_1762506761.jpg,07/11/2025,10:12:49,Encinar,Azonal,"BAJA (no se observa basura ni alteración evidente)",20-40,25-50,ALTA,"Pedregoso, rocoso y fangoso",,8,5,1-25%,26-50%,26-50%,51-75%,No,"Pendiente y territorio altamente rocoso y abundancia alta en musgos y liquenes locales","Gran abundancia de microflora de musgos y líquenes",1
eb3d809b-b716-497d-9d28-604cf1d3cdd2,2025-11-07T09:16:46.000Z,2025-11-07T09:16:52.000Z,eb3d809b-b716-497d-9d28-604cf1d3cdd2,Montañosos,37.137666,-3.434802,5,4110232,461382,30S,1000,https://five.epicollect.net/api/media/muestreo-cobertura-especies?type=photo&format=entry_original&name=eb3d809b-b716-497d-9d28-604cf1d3cdd2_1762506712.jpg,07/11/2025,10:11:56,Encinar,Zonal,"BAJA (no se observa basura ni alteración evidente)",20-40,﹥50,MEDIA,pedregoso,"Ácido ",8,20,51-75%,26-50%,1-25%,1-25%,No,"No hay ninguna a la vista",Encinas,1
5698963e-9e1c-4cd9-bb27-0bd1873462f0,2025-11-06T16:12:38.000Z,2025-11-06T16:13:31.000Z,5698963e-9e1c-4cd9-bb27-0bd1873462f0,Montañosos,37.149743,-3.533685,5,4111617,452607,30S,790,https://five.epicollect.net/api/media/muestreo-cobertura-especies?type=photo&format=entry_original&name=5698963e-9e1c-4cd9-bb27-0bd1873462f0_1762443981.jpg,06/11/2025,16:46:27,"Matorral de media montaña",Zonal,"MEDIA (presencia esporádica de basura, alteración por animales)",10-20,﹥50,ALTA,"algo seco o ligeramente húmedo, con una textura arenosa o grumosa, mezclada con materia orgánica y algunas piedras o fragmentos de roca.","Ácido ",8,18,1-25%,1-25%,26-50%,1-25%,No,"Las rematas en mitad del olivar","Olivo predomina ya que es un olivar",1
d4782004-3f44-4468-99c6-40255c5284b1,2025-11-06T16:10:20.000Z,2025-11-06T16:10:28.000Z,d4782004-3f44-4468-99c6-40255c5284b1,"Las maripepad",37.149926,-3.533206,3,4111637,452650,30S,800,https://five.epicollect.net/api/media/muestreo-cobertura-especies?type=photo&format=entry_original&name=d4782004-3f44-4468-99c6-40255c5284b1_1762444960.jpg,06/11/2025,17:02:45,"Matorral de media montaña",Azonal,"BAJA (no se observa basura ni alteración evidente)",10-20,﹥50,MEDIA,"Seco y arenoso compacto","Ácido ",4,8,0%,76-100%,76-100%,1-25%,No,,"Variedad de rocas",2
2e1bb568-8153-478b-a03f-7fef6a4c59c2,2025-11-06T15:57:48.000Z,2025-11-06T15:57:54.000Z,2e1bb568-8153-478b-a03f-7fef6a4c59c2,"Lucia Giménez",37.149852,-3.533822,5,4111629,452595,30S,790,https://five.epicollect.net/api/media/muestreo-cobertura-especies?type=photo&format=entry_original&name=2e1bb568-8153-478b-a03f-7fef6a4c59c2_1762443962.jpg,06/11/2025,16:46:05,"Matorral de media montaña",Zonal,"MEDIA (presencia esporádica de basura, alteración por animales)",﹥40,﹥50,,"Franco arcillosa","Básico (e.g. calcareo)",8,22,1-25%,1-25%,76-100%,0%,No,"Interacción líquenes-árbol","Especies dominantes: olea europaea, retama,",1
50f4a7d5-42a0-4968-b671-353391ec4d3a,2025-11-06T15:56:15.000Z,2025-11-06T15:56:59.000Z,50f4a7d5-42a0-4968-b671-353391ec4d3a,"El Mesías y sus apóstoles + German",37.149102,-3.532983,2,4111545,452669,30S,2,https://five.epicollect.net/api/media/muestreo-cobertura-especies?type=photo&format=entry_original&name=50f4a7d5-42a0-4968-b671-353391ec4d3a_1762444271.jpg,06/11/2025,16:51:16,"Matorral de media montaña",Azonal,"BAJA (no se observa basura ni alteración evidente)",0-10,﹥50,MEDIA,"Rocoso y blando","Básico (e.g. calcareo)",7,15,0%,26-50%,51-75%,1-25%,No,Poca,"Variedad de especies arbustivas",1
8ce8a8dd-150d-4632-807f-1268ecb02f42,2025-11-06T15:55:21.000Z,2025-11-06T15:55:38.000Z,8ce8a8dd-150d-4632-807f-1268ecb02f42,"Encinas Asesinas",37.14937,-3.53382,30,4111576,452595,30S,790,https://five.epicollect.net/api/media/muestreo-cobertura-especies?type=photo&format=entry_original&name=8ce8a8dd-150d-4632-807f-1268ecb02f42_1762443915.jpg,06/11/2025,16:45:22,"Matorral de media montaña",Zonal,"MEDIA (presencia esporádica de basura, alteración por animales)",10-20,﹥50,ALTA,Franco,"Ácido ",6,40,0%,26-50%,26-50%,1-25%,No,,"Nulo estrato arboreo, dominan los arbustos con gran presencia de herbaceo",0
248de607-a58c-4569-8df9-a27ca9a8dd96,2025-11-06T15:54:31.000Z,2025-11-06T15:54:38.000Z,248de607-a58c-4569-8df9-a27ca9a8dd96,"Equipo pinrep",37.149377,-3.533696,4,4111576,452606,30S,790,https://five.epicollect.net/api/media/muestreo-cobertura-especies?type=photo&format=entry_original&name=248de607-a58c-4569-8df9-a27ca9a8dd96_1762443792.jpg,06/11/2025,16:43:25,"Matorral de media montaña",Zonal,"BAJA (no se observa basura ni alteración evidente)",0-10,﹥50,ALTA,Franco-arcillosa,"Básico (e.g. calcareo)",8,20,0%,76-100%,26-50%,26-50%,No,"- permite cobertura a herbívoros como los conejos 
- arbustos con dispersión aérea","- Arbustos de media montaña 
-Artemisa campestris 
-Retama sphaerocarpa",0
9ee466e8-cb5f-41c2-849a-fb7a19cd2f47,2025-11-06T15:53:19.000Z,2025-11-06T15:53:26.000Z,9ee466e8-cb5f-41c2-849a-fb7a19cd2f47,"el buho de vidal",37.14956,-3.534098,2,4111597,452571,30S,800,https://five.epicollect.net/api/media/muestreo-cobertura-especies?type=photo&format=entry_original&name=9ee466e8-cb5f-41c2-849a-fb7a19cd2f47_1762443873.jpg,06/11/2025,16:44:39,"Matorral de media montaña",Azonal,"MEDIA (presencia esporádica de basura, alteración por animales)",0-10,﹥50,MEDIA,arcilloso,,,,1-25%,76-100%,1-25%,1-25%,No,"Un avispero en una rama de matorral, un ejemplo de comensalismo.","Mucha presencia de arcillas, y una especia dominante de Olivarda.",1
209830f4-eca5-41eb-ab0f-e75298af2eda,2025-11-06T14:56:16.000Z,2025-11-06T14:56:32.000Z,209830f4-eca5-41eb-ab0f-e75298af2eda,"Las maripepas",37.155293,-3.537086,3,4112234,452309,30S,715,https://five.epicollect.net/api/media/muestreo-cobertura-especies?type=photo&format=entry_original&name=209830f4-eca5-41eb-ab0f-e75298af2eda_1762439815.jpg,06/11/2025,15:37:03,"Bosque de ribera",Azonal,"MEDIA (presencia esporádica de basura, alteración por animales)",0-10,1-10,MEDIA,Humedo,"Básico (e.g. calcareo)",8,40,51-75%,1-25%,26-50%,26-50%,No,,"Hemos visto un pato nadando en el arroyo",1
2be2fa84-f3c7-42d9-8c30-d6d3367151e4,2025-11-06T14:49:33.000Z,2025-11-06T14:49:38.000Z,2be2fa84-f3c7-42d9-8c30-d6d3367151e4,"El Mesías y sus apóstoles",37.155832,-3.535767,2,4112293,452426,30S,1,https://five.epicollect.net/api/media/muestreo-cobertura-especies?type=photo&format=entry_original&name=2be2fa84-f3c7-42d9-8c30-d6d3367151e4_1762440344.jpg,06/11/2025,15:45:47,"Bosque de ribera",Zonal,"MEDIA (presencia esporádica de basura, alteración por animales)",0-10,1-10,BAJA,Fangosa,"Ácido ",6,30,1-25%,26-50%,51-75%,1-25%,No,"Río en entorno farrago","Muchas plantas locales adaptadas a biomas húmedos",2
4058cf21-dbb8-493f-9bbd-76ab6bff53bc,2025-11-06T14:25:09.000Z,2025-11-06T14:25:22.000Z,4058cf21-dbb8-493f-9bbd-76ab6bff53bc,"El Mesías y sus apóstoles",37.155932,-3.535327,2,4112304,452465,30S,6,https://five.epicollect.net/api/media/muestreo-cobertura-especies?type=photo&format=entry_original&name=4058cf21-dbb8-493f-9bbd-76ab6bff53bc_1762438740.jpg,06/11/2025,15:19:05,"Bosque de ribera",Zonal,"ALTA (mucha presencia de basura, movimientos de tierra..)",20-40,25-50,BAJA,Farragosa,"Básico (e.g. calcareo)",8,10,26-50%,51-75%,51-75%,1-25%,Sí,"Gran biodiversidad de insectos y posiblemente también de anfibios y mamíferos de mediano tamaño","Especies adaptadas a entornos farragosos y suelos de lodo",1
1aeb0e85-a13f-431e-98a1-009f49cc4f70,2025-11-06T13:52:28.000Z,2025-11-06T13:52:41.000Z,1aeb0e85-a13f-431e-98a1-009f49cc4f70,"Encinas Asesinas",37.155016,-3.533193,7,4112202,452654,30S,315,https://five.epicollect.net/api/media/muestreo-cobertura-especies?type=photo&format=entry_original&name=1aeb0e85-a13f-431e-98a1-009f49cc4f70_1762435745.jpg,06/11/2025,14:29:16,"Bosque de ribera",Azonal,"ALTA (mucha presencia de basura, movimientos de tierra..)",10-20,1-10,MEDIA,Franco,"Básico (e.g. calcareo)",7,70,26-50%,1-25%,1-25%,1-25%,No,,"Populus alba dominante, herbaceo nulo excepto al acercarse al rio, arbustivos invasoras y arboreo domina",3
c954b271-9dec-4988-a3ca-cb4943e29ba9,2025-11-06T13:50:24.000Z,2025-11-06T13:51:19.000Z,c954b271-9dec-4988-a3ca-cb4943e29ba9,"Lucía Gimenez",37.155003,-3.532951,3,4112200,452676,30S,715,https://five.epicollect.net/api/media/muestreo-cobertura-especies?type=photo&format=entry_original&name=c954b271-9dec-4988-a3ca-cb4943e29ba9_1762435695.jpg,06/11/2025,14:28:19,"Bosque de ribera",Azonal,"ALTA (mucha presencia de basura, movimientos de tierra..)",0-10,1-10,MEDIA,Franco-arcillosa,"Básico (e.g. calcareo)",8,25,76-100%,1-25%,1-25%,1-25%,No,"Interacciones de ciervos y salix (planta-animal)
Interacciones de líquenes (arbórea)
Interacciones de jabalí y suelo","Especies dominantes Álamo, Sauce, esparraguera, cañizo, menta.",2
4e91686c-e503-4e82-bcd2-3de1ac33451a,2025-11-06T13:49:14.000Z,2025-11-06T13:49:21.000Z,4e91686c-e503-4e82-bcd2-3de1ac33451a,"El búho vidal",37.15461,-3.533502,4,4112157,452627,30S,715,https://five.epicollect.net/api/media/muestreo-cobertura-especies?type=photo&format=entry_original&name=4e91686c-e503-4e82-bcd2-3de1ac33451a_1762435910.jpg,06/11/2025,14:35:07,Encinar,Zonal,"BAJA (no se observa basura ni alteración evidente)",0-10,﹥50,ALTA,Arcillosa,,,,51-75%,1-25%,26-50%,26-50%,No,"El comensalismo con los liquenes en una encina, que el liquen se beneficia pero la encina no se encuentra afectada.","Observamos que todos los pies de los arboles tienen rebrote y hay una esparragera en el pie de la encina. El suelo lo han arado y los arboles los han podado.",3
20609f35-5695-42c0-9ccc-d32d62cc8c1d,2025-11-06T13:46:18.000Z,2025-11-06T13:46:28.000Z,20609f35-5695-42c0-9ccc-d32d62cc8c1d,"Equipo pinrep",37.155014,-3.532931,64,4112201,452678,30S,715,https://five.epicollect.net/api/media/muestreo-cobertura-especies?type=photo&format=entry_original&name=20609f35-5695-42c0-9ccc-d32d62cc8c1d_1762435714.jpg,06/11/2025,14:29:19,"Bosque de ribera",Azonal,"MEDIA (presencia esporádica de basura, alteración por animales)",10-20,0,BAJA,Franco-areno,"Básico (e.g. calcareo)",8,75,51-75%,1-25%,1-25%,51-75%,No,"- musgo en el tronco de los árboles
- hongo en árbol 
- competencia por la luz","Juncus effusus 
Salix alba
Especies adaptadas al agua localizas en el bosque de ribera",1
